{
  "customIcons": {
    "home": {
      "pathDefinitions":  [
        "M2.62516 13.0419H11.3752C12.2956 13.0419 13.0418 12.2957 13.0418 11.3752V5.12519L7.00016 0.958527L0.958496 5.12519V11.3752C0.958496 12.2957 1.70469 13.0419 2.62516 13.0419Z",
        "M5.12465 10.1244C5.12465 9.2039 5.87085 8.45771 6.79132 8.45771H7.20799C8.12846 8.45771 8.87465 9.2039 8.87465 10.1244V13.0411H5.12465V10.1244Z"
      ],
      "scale": 14
    },
    "messages": {
      "pathDefinitions":  [
        "M12.1894 5.74999C12.7127 6.39269 13.0274 7.25647 13.0274 8.35835C13.0274 9.38848 12.7524 10.2105 12.2889 10.8383C12.1208 11.0661 12.1562 11.5969 12.2906 11.8461C12.6121 12.4424 12.0046 13.0958 11.3443 12.9444C10.85 12.8311 10.3315 12.6778 9.87784 12.4722C9.71172 12.3969 9.52831 12.3665 9.34708 12.387C9.12194 12.4125 8.89216 12.425 8.65949 12.425C7.57968 12.425 6.56229 12.1538 5.78151 11.5833M9.69417 5.02502C9.69417 7.82964 7.6554 9.09171 5.32624 9.09171C5.09357 9.09171 4.86379 9.07912 4.63865 9.05365C4.45742 9.03315 4.27401 9.06353 4.10789 9.13883C3.65418 9.3445 3.13573 9.4978 2.64146 9.6111C1.98113 9.76247 1.37362 9.10904 1.69515 8.51275C1.82951 8.26359 1.86493 7.73274 1.69681 7.505C1.23336 6.87717 0.958313 6.05515 0.958313 5.02502C0.958313 2.22041 2.99709 0.958328 5.32624 0.958328C7.6554 0.958328 9.69417 2.22041 9.69417 5.02502Z"
      ],
      "scale": 14
    },
    "notifications": {
      "pathDefinitions":  [
        "M4.49998 10.9583C4.49998 10.9583 4.49998 13.0417 6.99998 13.0417C9.49998 13.0417 9.49998 10.9583 9.49998 10.9583M11.375 5.33334V7.00001L13.0416 10.5417H0.958313L2.62498 7.00001V5.33334C2.62498 2.9171 4.58373 0.958344 6.99998 0.958344C9.41623 0.958344 11.375 2.9171 11.375 5.33334Z"
      ],
      "scale": 14
    },
    "settings": {
      "pathDefinitions":  [
        "M1.68429 9.46892L2.60162 9.61256C3.2788 9.71861 3.7624 10.3388 3.71253 11.0376L3.64495 11.9847C3.62526 12.2606 3.77224 12.5203 4.01569 12.6405L4.69417 12.9748C4.93762 13.0949 5.2283 13.05 5.42712 12.8627L6.10889 12.2183C6.61152 11.7431 7.38712 11.7431 7.89041 12.2183L8.57218 12.8627C8.771 13.0506 9.06103 13.0949 9.30513 12.9748L9.98493 12.6398C10.2277 12.5203 10.374 12.2613 10.3544 11.986L10.2868 11.0376C10.2369 10.3388 10.7205 9.71861 11.3977 9.61256L12.315 9.46892C12.5821 9.4273 12.7973 9.22257 12.8577 8.95273L13.025 8.20229C13.0854 7.93246 12.9784 7.65255 12.7553 7.49683L11.9895 6.96051C11.4246 6.56448 11.252 5.79122 11.5932 5.18375L12.0558 4.36082C12.1903 4.12119 12.168 3.82115 11.9994 3.60501L11.5302 3.00291C11.3616 2.78677 11.0807 2.6975 10.8222 2.77872L9.93506 3.05661C9.27954 3.26201 8.58071 2.91766 8.32874 2.2659L7.98884 1.38456C7.8891 1.12681 7.64566 0.957659 7.37466 0.95833L6.62268 0.960344C6.35168 0.961015 6.10889 1.13151 6.01046 1.38993L5.6791 2.2612C5.42975 2.91699 4.72764 3.26402 4.07015 3.05728L3.14625 2.76731C2.88706 2.68542 2.60491 2.77536 2.43627 2.99284L1.97038 3.59561C1.80174 3.81376 1.7814 4.11448 1.91854 4.35411L2.39165 5.17905C2.74008 5.78719 2.56947 6.56784 2.00122 6.96588L1.24465 7.49616C1.02155 7.65255 0.914593 7.93246 0.974962 8.20162L1.14229 8.95206C1.202 9.22257 1.41722 9.4273 1.68429 9.46892Z",
        "M8.32587 5.6741C9.05802 6.40625 9.05802 7.59374 8.32587 8.32589C7.59372 9.05803 6.40624 9.05803 5.67409 8.32589C4.94194 7.59374 4.94194 6.40625 5.67409 5.6741C6.40624 4.94196 7.59372 4.94196 8.32587 5.6741Z"
      ],
      "scale": 14
    },
    "info": {
      "pathDefinitions": [
        "M8 8.66666V9.99999",
        "M8.33333 5.99999C8.33333 6.18409 8.1841 6.33332 8 6.33332C7.81591 6.33332 7.66667 6.18409 7.66667 5.99999C7.66667 5.81589 7.81591 5.66666 8 5.66666C8.1841 5.66666 8.33333 5.81589 8.33333 5.99999Z",
        "M12.8333 7.99999C12.8333 10.6694 10.6694 12.8333 8 12.8333C5.33062 12.8333 3.16667 10.6694 3.16667 7.99999C3.16667 5.33061 5.33062 3.16666 8 3.16666C10.6694 3.16666 12.8333 5.33061 12.8333 7.99999Z"
      ],
      "scale": 16
    },
    "rate": {
      "pathDefinitions": [
        "M8.5 7.16667V1.5H2.83333M8.33333 1.66667L1.5 8.5"
      ],
      "scale": 10
    },
    "profile": {
      "pathDefinitions": [
        "M4.0975 13C5.24396 11.625 6.96982 10.75 8.90004 10.75C10.8303 10.75 12.5561 11.625 13.7026 13M16.15 8C16.15 12.0041 12.9041 15.25 8.89999 15.25C4.89592 15.25 1.64999 12.0041 1.64999 8C1.64999 3.99594 4.89592 0.75 8.89999 0.75C12.9041 0.75 16.15 3.99594 16.15 8ZM11.15 6C11.15 7.24264 10.1426 8.25 8.89999 8.25C7.65735 8.25 6.64999 7.24264 6.64999 6C6.64999 4.75736 7.65735 3.75 8.89999 3.75C10.1426 3.75 11.15 4.75736 11.15 6Z"
      ],
      "scale": 17
    },
    "chevronLeft": {
      "pathDefinitions": [
        "M6.625 4.375L4.875 6L6.625 7.625"
      ],
      "scale": 12
    },
    "chevronRight": {
      "pathDefinitions": [
        "M5.375 4.375L7.125 6L5.375 7.625"
      ],
      "scale": 12
    }
  },
  "primaryNav": [
    {
      "icon": "home",
      "custom": true,
      "text": "Home",
      "link": "home"
    },
    {
      "icon": "solar:calendar-linear",
      "custom": false,
      "text": "Events",
      "link": "events"
    },
    {
      "icon": "solar:user-speak-rounded-linear",
      "custom": false,
      "text": "Speakers",
      "link": "speakers"
    },
    {
      "icon": "solar:document-linear",
      "custom": false,
      "text": "Reports",
      "link": "reports"
    }
  ],
  "secondaryNav": [
    {
      "icon": "notifications",
      "custom": true,
      "text": "Notifications",
      "link": "notifications"
    },
    {
      "icon": "messages",
      "custom": true,
      "text": "Messages",
      "link": "messages"
    },
    {
      "icon": "settings",
      "custom": true,
      "text": "Settings",
      "link": "settings"
    }
  ],
  "stats": [
    {
      "label": "Total Events",
      "value": "100,000",
      "rate": "+5.0%"
    },
    {
      "label": "Active Speakers",
      "value": "25",
      "rate": "-5.0%"
    },
    {
      "label": "Total Registrations",
      "value": "300",
      "rate": "+5.0%"
    },
    {
      "label": "Total Revenue",
      "value": "$500,000",
      "rate": "+5.0"
    }
  ],
  "history": [
    {
      "event_name": "Cloud Innovation Summit",
      "date": "2024-10-15",
      "speaker": "Jane Doe",
      "status": "Completed"
    },
    {
      "event_name": "Blockchain Revolution Conference",
      "date": "2024-11-05",
      "speaker": "Dr. Peter Smith",
      "status": "In Progress"
    },
    {
      "event_name": "AI in Healthcare Symposium",
      "date": "2024-12-01",
      "speaker": "Dr. Aisha Malik",
      "status": "Completed"
    },
    {
      "event_name": "Future of Fintech Forum",
      "date": "2024-10-25",
      "speaker": "John Lee",
      "status": "Completed"
    },
    {
      "event_name": "Data Analytics in Business",
      "date": "2024-11-12",
      "speaker": "Rachel Moore",
      "status": "Completed"
    },
    {
      "event_name": "Sustainable Energy Expo",
      "date": "2024-09-28",
      "speaker": "Prof. Alan Green",
      "status": "Completed"
    },
    {
      "event_name": "Web3 Interfaces Workshop",
      "date": "2024-10-10",
      "speaker": "Kevin Adams",
      "status": "In Progress"
    },
    {
      "event_name": "Cybersecurity for Startups",
      "date": "2024-11-19",
      "speaker": "Emily Zhang",
      "status": "Completed"
    },
    {
      "event_name": "Smart Cities Forum",
      "date": "2024-10-18",
      "speaker": "Dr. Maria Hernandez",
      "status": "In Progress"
    },
    {
      "event_name": "Tech Safari Mixer",
      "date": "2024-09-30",
      "speaker": "Guest Panel",
      "status": "In Progress"
    }
  ],
  "carousel": [
    "/carousel1.png",
    "/carousel2.png",
    "/carousel3.png"
  ],
  "avatars": [
    "/avatar1.png",
    "/avatar2.png",
    "/avatar3.png"
  ]
}